test,observed_result,group,observed_reason,next_action
applications/ctw/modules/java_base_2.java,Failed. Execution failed: `main' threw exception: java.lang.AssertionError: There were 1 errors:[{modules_java_base_3714: failed during compilation of class #5788 : sun/nio/cs/UTF_8$Encoder}],assertion/expectation,Execution failed: `main' threw exception: java.lang.AssertionError: There were 1 errors:[{modules_java_base_3714: failed during compilation of class #5788 : sun/nio/cs/UTF_8$Encoder}],Rerun after shared fixes; inspect retained test output for architecture expectations or independent defects.
applications/ctw/modules/jdk_javadoc.java,Failed. Execution failed: `main' threw exception: java.lang.AssertionError: There were 1 errors:[{modules_jdk_javadoc_0: failed during compilation of class #324 : jdk/javadoc/internal/doclets/toolkit/util/CommentHelper$5}],assertion/expectation,Execution failed: `main' threw exception: java.lang.AssertionError: There were 1 errors:[{modules_jdk_javadoc_0: failed during compilation of class #324 : jdk/javadoc/internal/doclets/toolkit/util/CommentHelper$5}],Rerun after shared fixes; inspect retained test output for architecture expectations or independent defects.
applications/jcstress/accessAtomic.java,Failed. Execution failed: `main' threw exception: java.lang.Error: TESTBUG: Can not resolve artifacts for applications.jcstress.JcstressRunner,missing jcstress,Execution failed: `main' threw exception: java.lang.Error: TESTBUG: Can not resolve artifacts for applications.jcstress.JcstressRunner,Supply jcstress-tests-all jar via the artifact property; then rerun.
applications/jcstress/acqrel.java,Failed. Execution failed: `main' threw exception: java.lang.Error: TESTBUG: Can not resolve artifacts for applications.jcstress.JcstressRunner,missing jcstress,Execution failed: `main' threw exception: java.lang.Error: TESTBUG: Can not resolve artifacts for applications.jcstress.JcstressRunner,Supply jcstress-tests-all jar via the artifact property; then rerun.
applications/jcstress/atomicity.java,Failed. Execution failed: `main' threw exception: java.lang.Error: TESTBUG: Can not resolve artifacts for applications.jcstress.JcstressRunner,missing jcstress,Execution failed: `main' threw exception: java.lang.Error: TESTBUG: Can not resolve artifacts for applications.jcstress.JcstressRunner,Supply jcstress-tests-all jar via the artifact property; then rerun.
applications/jcstress/atomics.java,Failed. Execution failed: `main' threw exception: java.lang.Error: TESTBUG: Can not resolve artifacts for applications.jcstress.JcstressRunner,missing jcstress,Execution failed: `main' threw exception: java.lang.Error: TESTBUG: Can not resolve artifacts for applications.jcstress.JcstressRunner,Supply jcstress-tests-all jar via the artifact property; then rerun.
applications/jcstress/causality.java,Failed. Execution failed: `main' threw exception: java.lang.Error: TESTBUG: Can not resolve artifacts for applications.jcstress.JcstressRunner,missing jcstress,Execution failed: `main' threw exception: java.lang.Error: TESTBUG: Can not resolve artifacts for applications.jcstress.JcstressRunner,Supply jcstress-tests-all jar via the artifact property; then rerun.
applications/jcstress/coherence.java,Failed. Execution failed: `main' threw exception: java.lang.Error: TESTBUG: Can not resolve artifacts for applications.jcstress.JcstressRunner,missing jcstress,Execution failed: `main' threw exception: java.lang.Error: TESTBUG: Can not resolve artifacts for applications.jcstress.JcstressRunner,Supply jcstress-tests-all jar via the artifact property; then rerun.
applications/jcstress/collections.java,Failed. Execution failed: `main' threw exception: java.lang.Error: TESTBUG: Can not resolve artifacts for applications.jcstress.JcstressRunner,missing jcstress,Execution failed: `main' threw exception: java.lang.Error: TESTBUG: Can not resolve artifacts for applications.jcstress.JcstressRunner,Supply jcstress-tests-all jar via the artifact property; then rerun.
applications/jcstress/copy.java,Failed. Execution failed: `main' threw exception: java.lang.Error: TESTBUG: Can not resolve artifacts for applications.jcstress.JcstressRunner,missing jcstress,Execution failed: `main' threw exception: java.lang.Error: TESTBUG: Can not resolve artifacts for applications.jcstress.JcstressRunner,Supply jcstress-tests-all jar via the artifact property; then rerun.
applications/jcstress/countdownlatch.java,Failed. Execution failed: `main' threw exception: java.lang.Error: TESTBUG: Can not resolve artifacts for applications.jcstress.JcstressRunner,missing jcstress,Execution failed: `main' threw exception: java.lang.Error: TESTBUG: Can not resolve artifacts for applications.jcstress.JcstressRunner,Supply jcstress-tests-all jar via the artifact property; then rerun.
applications/jcstress/defaultValues.java,Failed. Execution failed: `main' threw exception: java.lang.Error: TESTBUG: Can not resolve artifacts for applications.jcstress.JcstressRunner,missing jcstress,Execution failed: `main' threw exception: java.lang.Error: TESTBUG: Can not resolve artifacts for applications.jcstress.JcstressRunner,Supply jcstress-tests-all jar via the artifact property; then rerun.
applications/jcstress/executors.java,Failed. Execution failed: `main' threw exception: java.lang.Error: TESTBUG: Can not resolve artifacts for applications.jcstress.JcstressRunner,missing jcstress,Execution failed: `main' threw exception: java.lang.Error: TESTBUG: Can not resolve artifacts for applications.jcstress.JcstressRunner,Supply jcstress-tests-all jar via the artifact property; then rerun.
applications/jcstress/fences.java,Failed. Execution failed: `main' threw exception: java.lang.Error: TESTBUG: Can not resolve artifacts for applications.jcstress.JcstressRunner,missing jcstress,Execution failed: `main' threw exception: java.lang.Error: TESTBUG: Can not resolve artifacts for applications.jcstress.JcstressRunner,Supply jcstress-tests-all jar via the artifact property; then rerun.
applications/jcstress/future.java,Failed. Execution failed: `main' threw exception: java.lang.Error: TESTBUG: Can not resolve artifacts for applications.jcstress.JcstressRunner,missing jcstress,Execution failed: `main' threw exception: java.lang.Error: TESTBUG: Can not resolve artifacts for applications.jcstress.JcstressRunner,Supply jcstress-tests-all jar via the artifact property; then rerun.
applications/jcstress/init.java,Failed. Execution failed: `main' threw exception: java.lang.Error: TESTBUG: Can not resolve artifacts for applications.jcstress.JcstressRunner,missing jcstress,Execution failed: `main' threw exception: java.lang.Error: TESTBUG: Can not resolve artifacts for applications.jcstress.JcstressRunner,Supply jcstress-tests-all jar via the artifact property; then rerun.
applications/jcstress/initClass.java,Failed. Execution failed: `main' threw exception: java.lang.Error: TESTBUG: Can not resolve artifacts for applications.jcstress.JcstressRunner,missing jcstress,Execution failed: `main' threw exception: java.lang.Error: TESTBUG: Can not resolve artifacts for applications.jcstress.JcstressRunner,Supply jcstress-tests-all jar via the artifact property; then rerun.
applications/jcstress/initLen.java,Failed. Execution failed: `main' threw exception: java.lang.Error: TESTBUG: Can not resolve artifacts for applications.jcstress.JcstressRunner,missing jcstress,Execution failed: `main' threw exception: java.lang.Error: TESTBUG: Can not resolve artifacts for applications.jcstress.JcstressRunner,Supply jcstress-tests-all jar via the artifact property; then rerun.
applications/jcstress/interrupt.java,Failed. Execution failed: `main' threw exception: java.lang.Error: TESTBUG: Can not resolve artifacts for applications.jcstress.JcstressRunner,missing jcstress,Execution failed: `main' threw exception: java.lang.Error: TESTBUG: Can not resolve artifacts for applications.jcstress.JcstressRunner,Supply jcstress-tests-all jar via the artifact property; then rerun.
applications/jcstress/locks.java,Failed. Execution failed: `main' threw exception: java.lang.Error: TESTBUG: Can not resolve artifacts for applications.jcstress.JcstressRunner,missing jcstress,Execution failed: `main' threw exception: java.lang.Error: TESTBUG: Can not resolve artifacts for applications.jcstress.JcstressRunner,Supply jcstress-tests-all jar via the artifact property; then rerun.
applications/jcstress/memeffects.java,Failed. Execution failed: `main' threw exception: java.lang.Error: TESTBUG: Can not resolve artifacts for applications.jcstress.JcstressRunner,missing jcstress,Execution failed: `main' threw exception: java.lang.Error: TESTBUG: Can not resolve artifacts for applications.jcstress.JcstressRunner,Supply jcstress-tests-all jar via the artifact property; then rerun.
applications/jcstress/mxbeans.java,Failed. Execution failed: `main' threw exception: java.lang.Error: TESTBUG: Can not resolve artifacts for applications.jcstress.JcstressRunner,missing jcstress,Execution failed: `main' threw exception: java.lang.Error: TESTBUG: Can not resolve artifacts for applications.jcstress.JcstressRunner,Supply jcstress-tests-all jar via the artifact property; then rerun.
applications/jcstress/oota.java,Failed. Execution failed: `main' threw exception: java.lang.Error: TESTBUG: Can not resolve artifacts for applications.jcstress.JcstressRunner,missing jcstress,Execution failed: `main' threw exception: java.lang.Error: TESTBUG: Can not resolve artifacts for applications.jcstress.JcstressRunner,Supply jcstress-tests-all jar via the artifact property; then rerun.
applications/jcstress/seqcst.java,Failed. Execution failed: `main' threw exception: java.lang.Error: TESTBUG: Can not resolve artifacts for applications.jcstress.JcstressRunner,missing jcstress,Execution failed: `main' threw exception: java.lang.Error: TESTBUG: Can not resolve artifacts for applications.jcstress.JcstressRunner,Supply jcstress-tests-all jar via the artifact property; then rerun.
applications/jcstress/singletons.java,Failed. Execution failed: `main' threw exception: java.lang.Error: TESTBUG: Can not resolve artifacts for applications.jcstress.JcstressRunner,missing jcstress,Execution failed: `main' threw exception: java.lang.Error: TESTBUG: Can not resolve artifacts for applications.jcstress.JcstressRunner,Supply jcstress-tests-all jar via the artifact property; then rerun.
applications/jcstress/strings.java,Failed. Execution failed: `main' threw exception: java.lang.Error: TESTBUG: Can not resolve artifacts for applications.jcstress.JcstressRunner,missing jcstress,Execution failed: `main' threw exception: java.lang.Error: TESTBUG: Can not resolve artifacts for applications.jcstress.JcstressRunner,Supply jcstress-tests-all jar via the artifact property; then rerun.
applications/jcstress/tearing.java,Failed. Execution failed: `main' threw exception: java.lang.Error: TESTBUG: Can not resolve artifacts for applications.jcstress.JcstressRunner,missing jcstress,Execution failed: `main' threw exception: java.lang.Error: TESTBUG: Can not resolve artifacts for applications.jcstress.JcstressRunner,Supply jcstress-tests-all jar via the artifact property; then rerun.
applications/jcstress/threadlocal.java,Failed. Execution failed: `main' threw exception: java.lang.Error: TESTBUG: Can not resolve artifacts for applications.jcstress.JcstressRunner,missing jcstress,Execution failed: `main' threw exception: java.lang.Error: TESTBUG: Can not resolve artifacts for applications.jcstress.JcstressRunner,Supply jcstress-tests-all jar via the artifact property; then rerun.
applications/jcstress/unsafe.java,Failed. Execution failed: `main' threw exception: java.lang.Error: TESTBUG: Can not resolve artifacts for applications.jcstress.JcstressRunner,missing jcstress,Execution failed: `main' threw exception: java.lang.Error: TESTBUG: Can not resolve artifacts for applications.jcstress.JcstressRunner,Supply jcstress-tests-all jar via the artifact property; then rerun.
applications/jcstress/varhandles.java,Failed. Execution failed: `main' threw exception: java.lang.Error: TESTBUG: Can not resolve artifacts for applications.jcstress.JcstressRunner,missing jcstress,Execution failed: `main' threw exception: java.lang.Error: TESTBUG: Can not resolve artifacts for applications.jcstress.JcstressRunner,Supply jcstress-tests-all jar via the artifact property; then rerun.
applications/jcstress/volatiles.java,Failed. Execution failed: `main' threw exception: java.lang.Error: TESTBUG: Can not resolve artifacts for applications.jcstress.JcstressRunner,missing jcstress,Execution failed: `main' threw exception: java.lang.Error: TESTBUG: Can not resolve artifacts for applications.jcstress.JcstressRunner,Supply jcstress-tests-all jar via the artifact property; then rerun.
compiler/arraycopy/TestArrayCopyNoInit.java,Failed. Unexpected exit from test [exit code: 6],compact header crash,Unexpected exit from test [exit code: 6],v22 fixes compact class loads/allocation; rerun and collect remaining hs_err.
compiler/arraycopy/TestObjectArrayClone.java,Failed. Execution failed: `main' threw exception: java.lang.RuntimeException: Must have the same length,array allocation,Execution failed: `main' threw exception: java.lang.RuntimeException: Must have the same length,v22 preserves exact C1 array header size; rerun required.
compiler/arraycopy/stress/TestStressArrayCopy.java,"Failed. Execution failed: `main' threw exception: java.lang.RuntimeException: Expected to get exit value of [0], exit value is: [1]",assertion/expectation,"Execution failed: `main' threw exception: java.lang.RuntimeException: Expected to get exit value of [0], exit value is: [1]",Rerun after shared fixes; inspect retained test output for architecture expectations or independent defects.
compiler/c1/TestLargeMonitorOffset.java,Failed. Unexpected exit from test [exit code: 6],VM crash,Unexpected exit from test [exit code: 6],Full hs_err plus target-machine rerun needed; no unproven repair included.
compiler/c2/TestCastX2NotProcessedIGVN.java,Failed. Execution failed: `main' threw exception: compiler.lib.ir_framework.driver.TestVMException: There were one or multiple errors. Please check stderr for more information.,assertion/expectation,Execution failed: `main' threw exception: compiler.lib.ir_framework.driver.TestVMException: There were one or multiple errors. Please check stderr for more information.,Rerun after shared fixes; inspect retained test output for architecture expectations or independent defects.
compiler/c2/TestCastX2P.java,Failed. Execution failed: `main' threw exception: java.lang.InternalError: a fault occurred in an unsafe memory access operation,assertion/expectation,Execution failed: `main' threw exception: java.lang.InternalError: a fault occurred in an unsafe memory access operation,Rerun after shared fixes; inspect retained test output for architecture expectations or independent defects.
compiler/c2/TestMergeStoresUnsafeArrayPointer.java,Failed. Execution failed: `main' threw exception: java.lang.InternalError: a fault occurred in an unsafe memory access operation,assertion/expectation,Execution failed: `main' threw exception: java.lang.InternalError: a fault occurred in an unsafe memory access operation,Rerun after shared fixes; inspect retained test output for architecture expectations or independent defects.
compiler/c2/aarch64/TestIntrinsicsRegStress.java,Failed. Execution failed: `main' threw exception: java.lang.RuntimeException: Failed with -Infinity,assertion/expectation,Execution failed: `main' threw exception: java.lang.RuntimeException: Failed with -Infinity,Rerun after shared fixes; inspect retained test output for architecture expectations or independent defects.
compiler/c2/irTests/DivINodeIdealizationTests.java,Failed. Execution failed: `main' threw exception: compiler.lib.ir_framework.driver.TestVMException: There were one or multiple errors. Please check stderr for more information.,assertion/expectation,Execution failed: `main' threw exception: compiler.lib.ir_framework.driver.TestVMException: There were one or multiple errors. Please check stderr for more information.,Rerun after shared fixes; inspect retained test output for architecture expectations or independent defects.
compiler/c2/irTests/TestLongRangeChecks.java,Failed. Execution failed: `main' threw exception: compiler.lib.ir_framework.driver.TestVMException: There were one or multiple errors. Please check stderr for more information.,assertion/expectation,Execution failed: `main' threw exception: compiler.lib.ir_framework.driver.TestVMException: There were one or multiple errors. Please check stderr for more information.,Rerun after shared fixes; inspect retained test output for architecture expectations or independent defects.
compiler/c2/irTests/TestVectorConditionalMove.java,Failed. Execution failed: `main' threw exception: compiler.lib.ir_framework.driver.TestVMException: There were one or multiple errors. Please check stderr for more information.,assertion/expectation,Execution failed: `main' threw exception: compiler.lib.ir_framework.driver.TestVMException: There were one or multiple errors. Please check stderr for more information.,Rerun after shared fixes; inspect retained test output for architecture expectations or independent defects.
compiler/c2/irTests/TestVectorizationMismatchedAccess.java,Failed. Execution failed: `main' threw exception: compiler.lib.ir_framework.driver.TestVMException: There were one or multiple errors. Please check stderr for more information.,assertion/expectation,Execution failed: `main' threw exception: compiler.lib.ir_framework.driver.TestVMException: There were one or multiple errors. Please check stderr for more information.,Rerun after shared fixes; inspect retained test output for architecture expectations or independent defects.
compiler/c2/irTests/TestVectorizationNotRun.java,Failed. Execution failed: `main' threw exception: compiler.lib.ir_framework.driver.TestVMException: There were one or multiple errors. Please check stderr for more information.,assertion/expectation,Execution failed: `main' threw exception: compiler.lib.ir_framework.driver.TestVMException: There were one or multiple errors. Please check stderr for more information.,Rerun after shared fixes; inspect retained test output for architecture expectations or independent defects.
compiler/codecache/CheckSegmentedCodeCache.java,Failed. Execution failed: `main' threw exception: java.lang.RuntimeException: 'Invalid code heap sizes' missing from stdout/stderr,assertion/expectation,Execution failed: `main' threw exception: java.lang.RuntimeException: 'Invalid code heap sizes' missing from stdout/stderr,Rerun after shared fixes; inspect retained test output for architecture expectations or independent defects.
compiler/codecache/cli/codeheapsize/TestCodeHeapSizeOptions.java,Failed. Execution failed: `main' threw exception: java.lang.AssertionError: JVM should start with option 'ReservedCodeCacheSize' without errors.,assertion/expectation,Execution failed: `main' threw exception: java.lang.AssertionError: JVM should start with option 'ReservedCodeCacheSize' without errors.,Rerun after shared fixes; inspect retained test output for architecture expectations or independent defects.
compiler/codecache/cli/printcodecache/TestPrintCodeCacheOption.java,"Failed. Execution failed: `main' threw exception: java.lang.AssertionError: JVM process should have exit value '0', but has '1'. JVM startup failure is not expected, since all options have allowed values",assertion/expectation,"Execution failed: `main' threw exception: java.lang.AssertionError: JVM process should have exit value '0', but has '1'. JVM startup failure is not expected, since all options have allowed values",Rerun after shared fixes; inspect retained test output for architecture expectations or independent defects.
compiler/codecache/stress/OverloadCompileQueueTest.java,"Error. unexpected exit code: 1, doesn't match exit status: ""Passed."" which was reported by the test process",assertion/expectation,"unexpected exit code: 1, doesn't match exit status: ""Passed."" which was reported by the test process",Rerun after shared fixes; inspect retained test output for architecture expectations or independent defects.
compiler/codecache/stress/RandomAllocationTest.java,"Error. unexpected exit code: 1, doesn't match exit status: ""Passed."" which was reported by the test process",assertion/expectation,"unexpected exit code: 1, doesn't match exit status: ""Passed."" which was reported by the test process",Rerun after shared fixes; inspect retained test output for architecture expectations or independent defects.
compiler/codecache/stress/UnexpectedDeoptimizationAllTest.java,"Error. unexpected exit code: 1, doesn't match exit status: ""Passed."" which was reported by the test process",assertion/expectation,"unexpected exit code: 1, doesn't match exit status: ""Passed."" which was reported by the test process",Rerun after shared fixes; inspect retained test output for architecture expectations or independent defects.
compiler/codecache/stress/UnexpectedDeoptimizationTest.java,"Error. unexpected exit code: 1, doesn't match exit status: ""Passed."" which was reported by the test process",assertion/expectation,"unexpected exit code: 1, doesn't match exit status: ""Passed."" which was reported by the test process",Rerun after shared fixes; inspect retained test output for architecture expectations or independent defects.
compiler/codegen/aes/TestAESMain.java,"Error. unexpected exit code: 6, doesn't match exit status: ""Passed."" which was reported by the test process",VM crash,"unexpected exit code: 6, doesn't match exit status: ""Passed."" which was reported by the test process",Full hs_err plus target-machine rerun needed; no unproven repair included.
compiler/cpuflags/TestAESIntrinsicsOnUnsupportedConfig.java,Failed. Execution failed: `main' threw exception: java.lang.AssertionError: Expected message not found: 'warning: AES instructions are not available on this CPU'. Case testUseAES failed,assertion/expectation,Execution failed: `main' threw exception: java.lang.AssertionError: Expected message not found: 'warning: AES instructions are not available on this CPU'. Case testUseAES failed,Rerun after shared fixes; inspect retained test output for architecture expectations or independent defects.
compiler/interpreter/cr7116216/StackOverflow.java,Failed. Unexpected exit from test [exit code: 1],assertion/expectation,Unexpected exit from test [exit code: 1],Rerun after shared fixes; inspect retained test output for architecture expectations or independent defects.
compiler/intrinsics/bigInteger/TestMultiplyToLen.java,"Error. unexpected exit code: 6, doesn't match exit status: ""Passed."" which was reported by the test process",VM crash,"unexpected exit code: 6, doesn't match exit status: ""Passed."" which was reported by the test process",Full hs_err plus target-machine rerun needed; no unproven repair included.
compiler/intrinsics/bigInteger/TestShift.java,"Error. unexpected exit code: 6, doesn't match exit status: ""Passed."" which was reported by the test process",VM crash,"unexpected exit code: 6, doesn't match exit status: ""Passed."" which was reported by the test process",Full hs_err plus target-machine rerun needed; no unproven repair included.
compiler/intrinsics/bmi/TestBlsmskL.java,"Failed. Execution failed: `main' threw exception: java.lang.RuntimeException: Expected to get exit value of [0], exit value is: [1]",assertion/expectation,"Execution failed: `main' threw exception: java.lang.RuntimeException: Expected to get exit value of [0], exit value is: [1]",Rerun after shared fixes; inspect retained test output for architecture expectations or independent defects.
compiler/intrinsics/bmi/TestBlsrI.java,Failed. Unexpected exit from test [exit code: 1],assertion/expectation,Unexpected exit from test [exit code: 1],Rerun after shared fixes; inspect retained test output for architecture expectations or independent defects.
compiler/intrinsics/sha/cli/TestUseMD5IntrinsicsOptionOnUnsupportedCPU.java,"Failed. Execution failed: `main' threw exception: java.lang.AssertionError: Option 'UseMD5Intrinsics' is expected to have 'false' value, but is 'UseMD5Intrinsics = t'. Option 'UseMD5Intrinsics' should be off on unsupported CPU even if set to true directly",assertion/expectation,"Execution failed: `main' threw exception: java.lang.AssertionError: Option 'UseMD5Intrinsics' is expected to have 'false' value, but is 'UseMD5Intrinsics = t'. Option 'UseMD5Intrinsics' should be off on unsupported CPU even if set to true directly",Rerun after shared fixes; inspect retained test output for architecture expectations or independent defects.
compiler/intrinsics/sha/cli/TestUseSHA1IntrinsicsOptionOnUnsupportedCPU.java,"Failed. Execution failed: `main' threw exception: java.lang.AssertionError: Option 'UseSHA1Intrinsics' is expected to have 'false' value, but is 'UseSHA1Intrinsics = t'. Option 'UseSHA1Intrinsics' should be disabled by default",assertion/expectation,"Execution failed: `main' threw exception: java.lang.AssertionError: Option 'UseSHA1Intrinsics' is expected to have 'false' value, but is 'UseSHA1Intrinsics = t'. Option 'UseSHA1Intrinsics' should be disabled by default",Rerun after shared fixes; inspect retained test output for architecture expectations or independent defects.
compiler/intrinsics/sha/cli/TestUseSHA256IntrinsicsOptionOnUnsupportedCPU.java,"Failed. Execution failed: `main' threw exception: java.lang.AssertionError: Option 'UseSHA256Intrinsics' is expected to have 'false' value, but is 'UseSHA256Intrinsics = t'. Option 'UseSHA256Intrinsics' should be disabled by default",assertion/expectation,"Execution failed: `main' threw exception: java.lang.AssertionError: Option 'UseSHA256Intrinsics' is expected to have 'false' value, but is 'UseSHA256Intrinsics = t'. Option 'UseSHA256Intrinsics' should be disabled by default",Rerun after shared fixes; inspect retained test output for architecture expectations or independent defects.
compiler/intrinsics/sha/cli/TestUseSHAOptionOnUnsupportedCPU.java,"Failed. Execution failed: `main' threw exception: java.lang.AssertionError: Option 'UseSHA' is expected to have 'false' value, but is 'UseSHA = t'. Option 'UseSHA' should be disabled by default",assertion/expectation,"Execution failed: `main' threw exception: java.lang.AssertionError: Option 'UseSHA' is expected to have 'false' value, but is 'UseSHA = t'. Option 'UseSHA' should be disabled by default",Rerun after shared fixes; inspect retained test output for architecture expectations or independent defects.
compiler/intrinsics/sha/sanity/TestMD5Intrinsics.java,"Failed. Execution failed: `main' threw exception: java.lang.RuntimeException: Unexpected count of intrinsic _md5_implCompress is expected:true, matched: 0, suspected: 164",assertion/expectation,"Execution failed: `main' threw exception: java.lang.RuntimeException: Unexpected count of intrinsic _md5_implCompress is expected:true, matched: 0, suspected: 164",Rerun after shared fixes; inspect retained test output for architecture expectations or independent defects.
compiler/intrinsics/sha/sanity/TestMD5MultiBlockIntrinsics.java,"Failed. Execution failed: `main' threw exception: java.lang.RuntimeException: Unexpected count of intrinsic _digestBase_implCompressMB is expected:true, matched: 0, suspected: 164",assertion/expectation,"Execution failed: `main' threw exception: java.lang.RuntimeException: Unexpected count of intrinsic _digestBase_implCompressMB is expected:true, matched: 0, suspected: 164",Rerun after shared fixes; inspect retained test output for architecture expectations or independent defects.
compiler/loopopts/superword/TestAlignVector.java#NoAlignVector-COH,Failed. Execution failed: `main' threw exception: compiler.lib.ir_framework.driver.TestVMException: There were one or multiple errors. Please check stderr for more information.,assertion/expectation,Execution failed: `main' threw exception: compiler.lib.ir_framework.driver.TestVMException: There were one or multiple errors. Please check stderr for more information.,Rerun after shared fixes; inspect retained test output for architecture expectations or independent defects.
compiler/loopopts/superword/TestAlignVector.java#VerifyAlignVector-COH,Failed. Execution failed: `main' threw exception: compiler.lib.ir_framework.driver.TestVMException: There were one or multiple errors. Please check stderr for more information.,assertion/expectation,Execution failed: `main' threw exception: compiler.lib.ir_framework.driver.TestVMException: There were one or multiple errors. Please check stderr for more information.,Rerun after shared fixes; inspect retained test output for architecture expectations or independent defects.
compiler/loopopts/superword/TestAlignVectorFuzzer.java#CompileOnly,Error. '/export/home/solaris/git/jdk25/build/solaris-sparcv9-server-release/images/jdk/bin/java' timed out after 480000 ms (elapsed time including timeout handling 480639 ms),timeout,'/export/home/solaris/git/jdk25/build/solaris-sparcv9-server-release/images/jdk/bin/java' timed out after 480000 ms (elapsed time including timeout handling 480639 ms),Rerun at reduced concurrency; inspect thread dump and retained logs if reproducible.
compiler/loopopts/superword/TestIndependentPacksWithCyclicDependency.java,Failed. Execution failed: `main' threw exception: compiler.lib.ir_framework.driver.TestVMException: There were one or multiple errors. Please check stderr for more information.,assertion/expectation,Execution failed: `main' threw exception: compiler.lib.ir_framework.driver.TestVMException: There were one or multiple errors. Please check stderr for more information.,Rerun after shared fixes; inspect retained test output for architecture expectations or independent defects.
compiler/loopopts/superword/TestScheduleReordersScalarMemops.java,Failed. Execution failed: `main' threw exception: compiler.lib.ir_framework.driver.TestVMException: There were one or multiple errors. Please check stderr for more information.,assertion/expectation,Execution failed: `main' threw exception: compiler.lib.ir_framework.driver.TestVMException: There were one or multiple errors. Please check stderr for more information.,Rerun after shared fixes; inspect retained test output for architecture expectations or independent defects.
compiler/loopopts/superword/TestSplitPacks.java,Failed. Execution failed: `main' threw exception: compiler.lib.ir_framework.driver.TestVMException: There were one or multiple errors. Please check stderr for more information.,assertion/expectation,Execution failed: `main' threw exception: compiler.lib.ir_framework.driver.TestVMException: There were one or multiple errors. Please check stderr for more information.,Rerun after shared fixes; inspect retained test output for architecture expectations or independent defects.
compiler/loopopts/superword/TestUnorderedReductionPartialVectorization.java,Failed. Execution failed: `main' threw exception: compiler.lib.ir_framework.driver.TestVMException: There were one or multiple errors. Please check stderr for more information.,assertion/expectation,Execution failed: `main' threw exception: compiler.lib.ir_framework.driver.TestVMException: There were one or multiple errors. Please check stderr for more information.,Rerun after shared fixes; inspect retained test output for architecture expectations or independent defects.
compiler/rangechecks/TestLongRangeCheck.java,Failed. Execution failed: `main' threw exception: java.lang.RuntimeException: should still be compiled,assertion/expectation,Execution failed: `main' threw exception: java.lang.RuntimeException: should still be compiled,Rerun after shared fixes; inspect retained test output for architecture expectations or independent defects.
compiler/runtime/TestConstantDynamic.java,"Failed. Execution failed: `main' threw exception: java.lang.NullPointerException: Cannot invoke ""Object.toString()"" because ""<parameter1>"" is null",assertion/expectation,"Execution failed: `main' threw exception: java.lang.NullPointerException: Cannot invoke ""Object.toString()"" because ""<parameter1>"" is null",Rerun after shared fixes; inspect retained test output for architecture expectations or independent defects.
compiler/uncommontrap/TestStackBangMonitorOwned.java,Error. '/export/home/solaris/git/jdk25/build/solaris-sparcv9-server-release/images/jdk/bin/java' timed out after 480000 ms (elapsed time including timeout handling 491662 ms),timeout,'/export/home/solaris/git/jdk25/build/solaris-sparcv9-server-release/images/jdk/bin/java' timed out after 480000 ms (elapsed time including timeout handling 491662 ms),Rerun at reduced concurrency; inspect thread dump and retained logs if reproducible.
compiler/unsafe/AlignmentGapAccess.java,Failed. Execution failed: `main' threw exception: java.lang.InternalError: a fault occurred in an unsafe memory access operation,assertion/expectation,Execution failed: `main' threw exception: java.lang.InternalError: a fault occurred in an unsafe memory access operation,Rerun after shared fixes; inspect retained test output for architecture expectations or independent defects.
compiler/unsafe/MismatchedUnsafeAccessTest.java,Failed. Execution failed: `main' threw exception: java.lang.InternalError: a fault occurred in an unsafe memory access operation,assertion/expectation,Execution failed: `main' threw exception: java.lang.InternalError: a fault occurred in an unsafe memory access operation,Rerun after shared fixes; inspect retained test output for architecture expectations or independent defects.
compiler/unsafe/OpaqueAccesses.java,Failed. Unexpected exit from test [exit code: 6],VM crash,Unexpected exit from test [exit code: 6],Full hs_err plus target-machine rerun needed; no unproven repair included.
compiler/vectorapi/TestBiMorphicMismatchedMemSegment.java,Failed. Unexpected exit from test [exit code: 6],VM crash,Unexpected exit from test [exit code: 6],Full hs_err plus target-machine rerun needed; no unproven repair included.
compiler/vectorapi/TestVectorAddMulReduction.java,Failed. Execution failed: `main' threw exception: compiler.lib.ir_framework.driver.TestVMException: There were one or multiple errors. Please check stderr for more information.,assertion/expectation,Execution failed: `main' threw exception: compiler.lib.ir_framework.driver.TestVMException: There were one or multiple errors. Please check stderr for more information.,Rerun after shared fixes; inspect retained test output for architecture expectations or independent defects.
compiler/vectorapi/TestVectorRotateScalarCount.java,Failed. Execution failed: `main' threw exception: compiler.lib.ir_framework.driver.TestVMException: There were one or multiple errors. Please check stderr for more information.,assertion/expectation,Execution failed: `main' threw exception: compiler.lib.ir_framework.driver.TestVMException: There were one or multiple errors. Please check stderr for more information.,Rerun after shared fixes; inspect retained test output for architecture expectations or independent defects.
compiler/vectorapi/VectorCastShape128Test.java,Error. '/export/home/solaris/git/jdk25/build/solaris-sparcv9-server-release/images/jdk/bin/java' timed out after 480000 ms (elapsed time including timeout handling 480945 ms),timeout,'/export/home/solaris/git/jdk25/build/solaris-sparcv9-server-release/images/jdk/bin/java' timed out after 480000 ms (elapsed time including timeout handling 480945 ms),Rerun at reduced concurrency; inspect thread dump and retained logs if reproducible.
compiler/vectorapi/VectorFPtoIntCastTest.java,Failed. Execution failed: `main' threw exception: compiler.lib.ir_framework.driver.TestVMException: There were one or multiple errors. Please check stderr for more information.,assertion/expectation,Execution failed: `main' threw exception: compiler.lib.ir_framework.driver.TestVMException: There were one or multiple errors. Please check stderr for more information.,Rerun after shared fixes; inspect retained test output for architecture expectations or independent defects.
compiler/vectorapi/VectorMaskCompareNotTest.java,Failed. Execution failed: `main' threw exception: java.lang.ExceptionInInitializerError,assertion/expectation,Execution failed: `main' threw exception: java.lang.ExceptionInInitializerError,Rerun after shared fixes; inspect retained test output for architecture expectations or independent defects.
compiler/vectorapi/VectorRearrangeTest.java,Failed. Execution failed: `main' threw exception: compiler.lib.ir_framework.driver.TestVMException: There were one or multiple errors. Please check stderr for more information.,assertion/expectation,Execution failed: `main' threw exception: compiler.lib.ir_framework.driver.TestVMException: There were one or multiple errors. Please check stderr for more information.,Rerun after shared fixes; inspect retained test output for architecture expectations or independent defects.
compiler/vectorapi/reshape/TestVectorReinterpret.java,Failed. Execution failed: `main' threw exception: compiler.lib.ir_framework.driver.TestVMException: There were one or multiple errors. Please check stderr for more information.,assertion/expectation,Execution failed: `main' threw exception: compiler.lib.ir_framework.driver.TestVMException: There were one or multiple errors. Please check stderr for more information.,Rerun after shared fixes; inspect retained test output for architecture expectations or independent defects.
compiler/vectorization/TestFloatConversionsVector.java,Failed. Execution failed: `main' threw exception: compiler.lib.ir_framework.driver.TestVMException: There were one or multiple errors. Please check stderr for more information.,assertion/expectation,Execution failed: `main' threw exception: compiler.lib.ir_framework.driver.TestVMException: There were one or multiple errors. Please check stderr for more information.,Rerun after shared fixes; inspect retained test output for architecture expectations or independent defects.
compiler/vectorization/runner/ArrayTypeConvertTest.java,Failed. Execution failed: `main' threw exception: compiler.lib.ir_framework.driver.TestVMException: There were one or multiple errors. Please check stderr for more information.,assertion/expectation,Execution failed: `main' threw exception: compiler.lib.ir_framework.driver.TestVMException: There were one or multiple errors. Please check stderr for more information.,Rerun after shared fixes; inspect retained test output for architecture expectations or independent defects.
compiler/vectorization/runner/ArrayUnsafeOpTest.java,Failed. Execution failed: `main' threw exception: java.lang.RuntimeException: Test failed in compiler.vectorization.runner.ArrayUnsafeOpTest.arrayUnsafeFillTypeMismatch: Exception is thrown in test method invocation (interpreter).,assertion/expectation,Execution failed: `main' threw exception: java.lang.RuntimeException: Test failed in compiler.vectorization.runner.ArrayUnsafeOpTest.arrayUnsafeFillTypeMismatch: Exception is thrown in test method invocation (interpreter).,Rerun after shared fixes; inspect retained test output for architecture expectations or independent defects.
compiler/vectorization/runner/LoopCombinedOpTest.java,Failed. Execution failed: `main' threw exception: compiler.lib.ir_framework.driver.TestVMException: There were one or multiple errors. Please check stderr for more information.,assertion/expectation,Execution failed: `main' threw exception: compiler.lib.ir_framework.driver.TestVMException: There were one or multiple errors. Please check stderr for more information.,Rerun after shared fixes; inspect retained test output for architecture expectations or independent defects.
compiler/whitebox/ForceNMethodSweepTest.java,Failed. Execution failed: `main' threw exception: java.lang.RuntimeException: sweep after deoptimization should decrease usage: expected that 581760 < 581760,assertion/expectation,Execution failed: `main' threw exception: java.lang.RuntimeException: sweep after deoptimization should decrease usage: expected that 581760 < 581760,Rerun after shared fixes; inspect retained test output for architecture expectations or independent defects.
gc/TestAllocateHeapAtMultiple.java,"Failed. Execution failed: `main' threw exception: java.lang.RuntimeException: Expected to get exit value of [0], exit value is: [6]",VM crash,"Execution failed: `main' threw exception: java.lang.RuntimeException: Expected to get exit value of [0], exit value is: [6]",Full hs_err plus target-machine rerun needed; no unproven repair included.
gc/epsilon/TestArraycopyCheckcast.java,Failed. Execution failed: `main' threw exception: java.lang.ArrayIndexOutOfBoundsException: Index -1 out of bounds for length 8,assertion/expectation,Execution failed: `main' threw exception: java.lang.ArrayIndexOutOfBoundsException: Index -1 out of bounds for length 8,Rerun after shared fixes; inspect retained test output for architecture expectations or independent defects.
gc/epsilon/TestByteArrays.java,Failed. Execution failed: `main' threw exception: java.lang.ArrayIndexOutOfBoundsException: Index -1 out of bounds for length 8,assertion/expectation,Execution failed: `main' threw exception: java.lang.ArrayIndexOutOfBoundsException: Index -1 out of bounds for length 8,Rerun after shared fixes; inspect retained test output for architecture expectations or independent defects.
gc/epsilon/TestManyThreads.java,Failed. Execution failed: `main' threw exception: java.lang.ArrayIndexOutOfBoundsException: Index -1 out of bounds for length 8,assertion/expectation,Execution failed: `main' threw exception: java.lang.ArrayIndexOutOfBoundsException: Index -1 out of bounds for length 8,Rerun after shared fixes; inspect retained test output for architecture expectations or independent defects.
gc/epsilon/TestObjects.java,Failed. Execution failed: `main' threw exception: java.lang.ArrayIndexOutOfBoundsException: Index -1 out of bounds for length 8,assertion/expectation,Execution failed: `main' threw exception: java.lang.ArrayIndexOutOfBoundsException: Index -1 out of bounds for length 8,Rerun after shared fixes; inspect retained test output for architecture expectations or independent defects.
gc/epsilon/TestRefArrays.java,Failed. Execution failed: `main' threw exception: java.lang.ArrayIndexOutOfBoundsException: Index -1 out of bounds for length 8,assertion/expectation,Execution failed: `main' threw exception: java.lang.ArrayIndexOutOfBoundsException: Index -1 out of bounds for length 8,Rerun after shared fixes; inspect retained test output for architecture expectations or independent defects.
gc/g1/TestLargePageUseForAuxMemory.java,Failed. Execution failed: `main' threw exception: java.lang.RuntimeException: Match from 'Block Offset Table: .* page_size=(\d+[BKMG])' got 65536 expected: 8192,assertion/expectation,Execution failed: `main' threw exception: java.lang.RuntimeException: Match from 'Block Offset Table: .* page_size=(\d+[BKMG])' got 65536 expected: 8192,Rerun after shared fixes; inspect retained test output for architecture expectations or independent defects.
gc/metaspace/TestMetaspacePerfCounters.java#Epsilon-64,Failed. Unexpected exit from test [exit code: 1],assertion/expectation,Unexpected exit from test [exit code: 1],Rerun after shared fixes; inspect retained test output for architecture expectations or independent defects.
gc/metaspace/TestMetaspacePerfCounters.java#G1-64,Failed. Unexpected exit from test [exit code: 1],assertion/expectation,Unexpected exit from test [exit code: 1],Rerun after shared fixes; inspect retained test output for architecture expectations or independent defects.
gc/metaspace/TestMetaspacePerfCounters.java#Parallel-64,Failed. Unexpected exit from test [exit code: 1],assertion/expectation,Unexpected exit from test [exit code: 1],Rerun after shared fixes; inspect retained test output for architecture expectations or independent defects.
gc/metaspace/TestMetaspacePerfCounters.java#Serial-64,Failed. Unexpected exit from test [exit code: 1],assertion/expectation,Unexpected exit from test [exit code: 1],Rerun after shared fixes; inspect retained test output for architecture expectations or independent defects.
gtest/ArrayTests.java#no-coops-no-ccp,Failed. Execution failed: `main' threw exception: java.lang.Error: TESTBUG: the library has not been found in /export/home/solaris/git/jdk25/build/solaris-sparcv9-server-release/images/test/hotspot/jtreg/native. Did you forget to use --with-gtest to configure?,missing gtest,Execution failed: `main' threw exception: java.lang.Error: TESTBUG: the library has not been found in /export/home/solaris/git/jdk25/build/solaris-sparcv9-server-release/images/test/hotspot/jtreg/native. Did you forget to use --with-gtest to configure?,Configure with Google Test source and rebuild test-image; then rerun.
gtest/ArrayTests.java#no-coops-with-ccp,Failed. Execution failed: `main' threw exception: java.lang.Error: TESTBUG: the library has not been found in /export/home/solaris/git/jdk25/build/solaris-sparcv9-server-release/images/test/hotspot/jtreg/native. Did you forget to use --with-gtest to configure?,missing gtest,Execution failed: `main' threw exception: java.lang.Error: TESTBUG: the library has not been found in /export/home/solaris/git/jdk25/build/solaris-sparcv9-server-release/images/test/hotspot/jtreg/native. Did you forget to use --with-gtest to configure?,Configure with Google Test source and rebuild test-image; then rerun.
gtest/ArrayTests.java#with-coops-no-ccp,Failed. Execution failed: `main' threw exception: java.lang.Error: TESTBUG: the library has not been found in /export/home/solaris/git/jdk25/build/solaris-sparcv9-server-release/images/test/hotspot/jtreg/native. Did you forget to use --with-gtest to configure?,missing gtest,Execution failed: `main' threw exception: java.lang.Error: TESTBUG: the library has not been found in /export/home/solaris/git/jdk25/build/solaris-sparcv9-server-release/images/test/hotspot/jtreg/native. Did you forget to use --with-gtest to configure?,Configure with Google Test source and rebuild test-image; then rerun.
gtest/ArrayTests.java#with-coops-with-ccp,Failed. Execution failed: `main' threw exception: java.lang.Error: TESTBUG: the library has not been found in /export/home/solaris/git/jdk25/build/solaris-sparcv9-server-release/images/test/hotspot/jtreg/native. Did you forget to use --with-gtest to configure?,missing gtest,Execution failed: `main' threw exception: java.lang.Error: TESTBUG: the library has not been found in /export/home/solaris/git/jdk25/build/solaris-sparcv9-server-release/images/test/hotspot/jtreg/native. Did you forget to use --with-gtest to configure?,Configure with Google Test source and rebuild test-image; then rerun.
gtest/AsyncLogGtest.java,Failed. Execution failed: `main' threw exception: java.lang.Error: TESTBUG: the library has not been found in /export/home/solaris/git/jdk25/build/solaris-sparcv9-server-release/images/test/hotspot/jtreg/native. Did you forget to use --with-gtest to configure?,missing gtest,Execution failed: `main' threw exception: java.lang.Error: TESTBUG: the library has not been found in /export/home/solaris/git/jdk25/build/solaris-sparcv9-server-release/images/test/hotspot/jtreg/native. Did you forget to use --with-gtest to configure?,Configure with Google Test source and rebuild test-image; then rerun.
gtest/CompressedKlassGtest.java#ccp_off,Failed. Execution failed: `main' threw exception: java.lang.Error: TESTBUG: the library has not been found in /export/home/solaris/git/jdk25/build/solaris-sparcv9-server-release/images/test/hotspot/jtreg/native. Did you forget to use --with-gtest to configure?,missing gtest,Execution failed: `main' threw exception: java.lang.Error: TESTBUG: the library has not been found in /export/home/solaris/git/jdk25/build/solaris-sparcv9-server-release/images/test/hotspot/jtreg/native. Did you forget to use --with-gtest to configure?,Configure with Google Test source and rebuild test-image; then rerun.
gtest/CompressedKlassGtest.java#use-zero-based-encoding-coh-large-class-space,Failed. Execution failed: `main' threw exception: java.lang.Error: TESTBUG: the library has not been found in /export/home/solaris/git/jdk25/build/solaris-sparcv9-server-release/images/test/hotspot/jtreg/native. Did you forget to use --with-gtest to configure?,missing gtest,Execution failed: `main' threw exception: java.lang.Error: TESTBUG: the library has not been found in /export/home/solaris/git/jdk25/build/solaris-sparcv9-server-release/images/test/hotspot/jtreg/native. Did you forget to use --with-gtest to configure?,Configure with Google Test source and rebuild test-image; then rerun.
gtest/CompressedKlassGtest.java#use-zero-based-encoding-coh,Failed. Execution failed: `main' threw exception: java.lang.Error: TESTBUG: the library has not been found in /export/home/solaris/git/jdk25/build/solaris-sparcv9-server-release/images/test/hotspot/jtreg/native. Did you forget to use --with-gtest to configure?,missing gtest,Execution failed: `main' threw exception: java.lang.Error: TESTBUG: the library has not been found in /export/home/solaris/git/jdk25/build/solaris-sparcv9-server-release/images/test/hotspot/jtreg/native. Did you forget to use --with-gtest to configure?,Configure with Google Test source and rebuild test-image; then rerun.
gtest/CompressedKlassGtest.java#use-zero-based-encoding,Failed. Execution failed: `main' threw exception: java.lang.Error: TESTBUG: the library has not been found in /export/home/solaris/git/jdk25/build/solaris-sparcv9-server-release/images/test/hotspot/jtreg/native. Did you forget to use --with-gtest to configure?,missing gtest,Execution failed: `main' threw exception: java.lang.Error: TESTBUG: the library has not been found in /export/home/solaris/git/jdk25/build/solaris-sparcv9-server-release/images/test/hotspot/jtreg/native. Did you forget to use --with-gtest to configure?,Configure with Google Test source and rebuild test-image; then rerun.
gtest/GTestWrapper.java,Failed. Execution failed: `main' threw exception: java.lang.Error: TESTBUG: the library has not been found in /export/home/solaris/git/jdk25/build/solaris-sparcv9-server-release/images/test/hotspot/jtreg/native. Did you forget to use --with-gtest to configure?,missing gtest,Execution failed: `main' threw exception: java.lang.Error: TESTBUG: the library has not been found in /export/home/solaris/git/jdk25/build/solaris-sparcv9-server-release/images/test/hotspot/jtreg/native. Did you forget to use --with-gtest to configure?,Configure with Google Test source and rebuild test-image; then rerun.
gtest/LockStackGtests.java,Failed. Execution failed: `main' threw exception: java.lang.Error: TESTBUG: the library has not been found in /export/home/solaris/git/jdk25/build/solaris-sparcv9-server-release/images/test/hotspot/jtreg/native. Did you forget to use --with-gtest to configure?,missing gtest,Execution failed: `main' threw exception: java.lang.Error: TESTBUG: the library has not been found in /export/home/solaris/git/jdk25/build/solaris-sparcv9-server-release/images/test/hotspot/jtreg/native. Did you forget to use --with-gtest to configure?,Configure with Google Test source and rebuild test-image; then rerun.
gtest/MetaspaceGtests.java#no-ccs,Failed. Execution failed: `main' threw exception: java.lang.Error: TESTBUG: the library has not been found in /export/home/solaris/git/jdk25/build/solaris-sparcv9-server-release/images/test/hotspot/jtreg/native. Did you forget to use --with-gtest to configure?,missing gtest,Execution failed: `main' threw exception: java.lang.Error: TESTBUG: the library has not been found in /export/home/solaris/git/jdk25/build/solaris-sparcv9-server-release/images/test/hotspot/jtreg/native. Did you forget to use --with-gtest to configure?,Configure with Google Test source and rebuild test-image; then rerun.
gtest/NMTGtests.java#nmt-detail,Failed. Execution failed: `main' threw exception: java.lang.Error: TESTBUG: the library has not been found in /export/home/solaris/git/jdk25/build/solaris-sparcv9-server-release/images/test/hotspot/jtreg/native. Did you forget to use --with-gtest to configure?,missing gtest,Execution failed: `main' threw exception: java.lang.Error: TESTBUG: the library has not been found in /export/home/solaris/git/jdk25/build/solaris-sparcv9-server-release/images/test/hotspot/jtreg/native. Did you forget to use --with-gtest to configure?,Configure with Google Test source and rebuild test-image; then rerun.
gtest/NMTGtests.java#nmt-off,Failed. Execution failed: `main' threw exception: java.lang.Error: TESTBUG: the library has not been found in /export/home/solaris/git/jdk25/build/solaris-sparcv9-server-release/images/test/hotspot/jtreg/native. Did you forget to use --with-gtest to configure?,missing gtest,Execution failed: `main' threw exception: java.lang.Error: TESTBUG: the library has not been found in /export/home/solaris/git/jdk25/build/solaris-sparcv9-server-release/images/test/hotspot/jtreg/native. Did you forget to use --with-gtest to configure?,Configure with Google Test source and rebuild test-image; then rerun.
gtest/NMTGtests.java#nmt-summary,Failed. Execution failed: `main' threw exception: java.lang.Error: TESTBUG: the library has not been found in /export/home/solaris/git/jdk25/build/solaris-sparcv9-server-release/images/test/hotspot/jtreg/native. Did you forget to use --with-gtest to configure?,missing gtest,Execution failed: `main' threw exception: java.lang.Error: TESTBUG: the library has not been found in /export/home/solaris/git/jdk25/build/solaris-sparcv9-server-release/images/test/hotspot/jtreg/native. Did you forget to use --with-gtest to configure?,Configure with Google Test source and rebuild test-image; then rerun.
gtest/NativeHeapTrimmerGtest.java,Failed. Execution failed: `main' threw exception: java.lang.Error: TESTBUG: the library has not been found in /export/home/solaris/git/jdk25/build/solaris-sparcv9-server-release/images/test/hotspot/jtreg/native. Did you forget to use --with-gtest to configure?,missing gtest,Execution failed: `main' threw exception: java.lang.Error: TESTBUG: the library has not been found in /export/home/solaris/git/jdk25/build/solaris-sparcv9-server-release/images/test/hotspot/jtreg/native. Did you forget to use --with-gtest to configure?,Configure with Google Test source and rebuild test-image; then rerun.
gtest/ObjArrayTests.java#no-coops-no-ccp-large-align,Failed. Execution failed: `main' threw exception: java.lang.Error: TESTBUG: the library has not been found in /export/home/solaris/git/jdk25/build/solaris-sparcv9-server-release/images/test/hotspot/jtreg/native. Did you forget to use --with-gtest to configure?,missing gtest,Execution failed: `main' threw exception: java.lang.Error: TESTBUG: the library has not been found in /export/home/solaris/git/jdk25/build/solaris-sparcv9-server-release/images/test/hotspot/jtreg/native. Did you forget to use --with-gtest to configure?,Configure with Google Test source and rebuild test-image; then rerun.
gtest/ObjArrayTests.java#no-coops-no-ccp,Failed. Execution failed: `main' threw exception: java.lang.Error: TESTBUG: the library has not been found in /export/home/solaris/git/jdk25/build/solaris-sparcv9-server-release/images/test/hotspot/jtreg/native. Did you forget to use --with-gtest to configure?,missing gtest,Execution failed: `main' threw exception: java.lang.Error: TESTBUG: the library has not been found in /export/home/solaris/git/jdk25/build/solaris-sparcv9-server-release/images/test/hotspot/jtreg/native. Did you forget to use --with-gtest to configure?,Configure with Google Test source and rebuild test-image; then rerun.
gtest/ObjArrayTests.java#no-coops-with-ccp-large-align,Failed. Execution failed: `main' threw exception: java.lang.Error: TESTBUG: the library has not been found in /export/home/solaris/git/jdk25/build/solaris-sparcv9-server-release/images/test/hotspot/jtreg/native. Did you forget to use --with-gtest to configure?,missing gtest,Execution failed: `main' threw exception: java.lang.Error: TESTBUG: the library has not been found in /export/home/solaris/git/jdk25/build/solaris-sparcv9-server-release/images/test/hotspot/jtreg/native. Did you forget to use --with-gtest to configure?,Configure with Google Test source and rebuild test-image; then rerun.
gtest/ObjArrayTests.java#no-coops-with-ccp,Failed. Execution failed: `main' threw exception: java.lang.Error: TESTBUG: the library has not been found in /export/home/solaris/git/jdk25/build/solaris-sparcv9-server-release/images/test/hotspot/jtreg/native. Did you forget to use --with-gtest to configure?,missing gtest,Execution failed: `main' threw exception: java.lang.Error: TESTBUG: the library has not been found in /export/home/solaris/git/jdk25/build/solaris-sparcv9-server-release/images/test/hotspot/jtreg/native. Did you forget to use --with-gtest to configure?,Configure with Google Test source and rebuild test-image; then rerun.
gtest/ObjArrayTests.java#with-coops-no-ccp-large-align,Failed. Execution failed: `main' threw exception: java.lang.Error: TESTBUG: the library has not been found in /export/home/solaris/git/jdk25/build/solaris-sparcv9-server-release/images/test/hotspot/jtreg/native. Did you forget to use --with-gtest to configure?,missing gtest,Execution failed: `main' threw exception: java.lang.Error: TESTBUG: the library has not been found in /export/home/solaris/git/jdk25/build/solaris-sparcv9-server-release/images/test/hotspot/jtreg/native. Did you forget to use --with-gtest to configure?,Configure with Google Test source and rebuild test-image; then rerun.
gtest/ObjArrayTests.java#with-coops-no-ccp,Failed. Execution failed: `main' threw exception: java.lang.Error: TESTBUG: the library has not been found in /export/home/solaris/git/jdk25/build/solaris-sparcv9-server-release/images/test/hotspot/jtreg/native. Did you forget to use --with-gtest to configure?,missing gtest,Execution failed: `main' threw exception: java.lang.Error: TESTBUG: the library has not been found in /export/home/solaris/git/jdk25/build/solaris-sparcv9-server-release/images/test/hotspot/jtreg/native. Did you forget to use --with-gtest to configure?,Configure with Google Test source and rebuild test-image; then rerun.
gtest/ObjArrayTests.java#with-coops-with-ccp-large-align,Failed. Execution failed: `main' threw exception: java.lang.Error: TESTBUG: the library has not been found in /export/home/solaris/git/jdk25/build/solaris-sparcv9-server-release/images/test/hotspot/jtreg/native. Did you forget to use --with-gtest to configure?,missing gtest,Execution failed: `main' threw exception: java.lang.Error: TESTBUG: the library has not been found in /export/home/solaris/git/jdk25/build/solaris-sparcv9-server-release/images/test/hotspot/jtreg/native. Did you forget to use --with-gtest to configure?,Configure with Google Test source and rebuild test-image; then rerun.
gtest/ObjArrayTests.java#with-coops-with-ccp,Failed. Execution failed: `main' threw exception: java.lang.Error: TESTBUG: the library has not been found in /export/home/solaris/git/jdk25/build/solaris-sparcv9-server-release/images/test/hotspot/jtreg/native. Did you forget to use --with-gtest to configure?,missing gtest,Execution failed: `main' threw exception: java.lang.Error: TESTBUG: the library has not been found in /export/home/solaris/git/jdk25/build/solaris-sparcv9-server-release/images/test/hotspot/jtreg/native. Did you forget to use --with-gtest to configure?,Configure with Google Test source and rebuild test-image; then rerun.
runtime/ClassInitErrors/TestStackOverflowDuringInit.java,"Failed. Execution failed: `main' threw exception: java.lang.RuntimeException: Expected to get exit value of [0], exit value is: [1]",assertion/expectation,"Execution failed: `main' threw exception: java.lang.RuntimeException: Expected to get exit value of [0], exit value is: [1]",Rerun after shared fixes; inspect retained test output for architecture expectations or independent defects.
runtime/CommandLine/OptionsValidation/TestOptionsWithRanges.java#id3,Failed. Execution failed: `main' threw exception: java.lang.RuntimeException: 3 tests failed! (Error processing option HeapBaseMinAddress with valid value '-server -XX:+UseG1GC -XX:HeapBaseMinAddress=0'! JVM output reports a fatal error. JVM exited with code 6 [0x6]!) (Error processing option HeapBaseMinAddress with valid value '-server -XX:+UseG1GC -XX:HeapBaseMinAddress=1'! JVM output reports a fatal error. JVM exited with code 6 [0x6]!) (Error processing option HeapBaseMinAddress with valid value '-server -XX:+UseG1GC -XX:HeapBaseMinAddress=2147483648'! JVM output reports a fatal error. JVM exited with code 6 [0x6]!) expected: 3 but was: 0,VM crash,Execution failed: `main' threw exception: java.lang.RuntimeException: 3 tests failed! (Error processing option HeapBaseMinAddress with valid value '-server -XX:+UseG1GC -XX:HeapBaseMinAddress=0'! JVM output reports a fatal error. JVM exited with code 6 [0x6]!) (Error processing option HeapBaseMinAddress with valid value '-server -XX:+UseG1GC -XX:HeapBaseMinAddress=1'! JVM output reports a fatal error. JVM exited with code 6 [0x6]!) (Error processing option HeapBaseMinAddress with valid value '-server -XX:+UseG1GC -XX:HeapBaseMinAddress=2147483648'! JVM output reports a fatal error. JVM exited with code 6 [0x6]!) expected: 3 but was: 0,Full hs_err plus target-machine rerun needed; no unproven repair included.
runtime/CommandLine/OptionsValidation/TestOptionsWithRanges.java#id4,Failed. Execution failed: `main' threw exception: java.lang.RuntimeException: 1 tests failed! (Error processing option LargePageSizeInBytes with valid value '-server -XX:+UseG1GC -XX:LargePageSizeInBytes=1'! JVM exited with unexpected error code = 8 [0x8]) expected: 1 but was: 0,assertion/expectation,Execution failed: `main' threw exception: java.lang.RuntimeException: 1 tests failed! (Error processing option LargePageSizeInBytes with valid value '-server -XX:+UseG1GC -XX:LargePageSizeInBytes=1'! JVM exited with unexpected error code = 8 [0x8]) expected: 1 but was: 0,Rerun after shared fixes; inspect retained test output for architecture expectations or independent defects.
runtime/CompressedOops/CompressedClassPointers.java,Failed. Execution failed: `main' threw exception: java.lang.RuntimeException: 'Narrow klass base: 0x0000000000000000' missing from stdout/stderr,assertion/expectation,Execution failed: `main' threw exception: java.lang.RuntimeException: 'Narrow klass base: 0x0000000000000000' missing from stdout/stderr,Rerun after shared fixes; inspect retained test output for architecture expectations or independent defects.
runtime/ErrorHandling/MachCodeFramesInErrorFile.java,Failed. Execution failed: `main' threw exception: java.lang.RuntimeException: '# A fatal error has been detected.*' missing from stdout/stderr,VM crash,Execution failed: `main' threw exception: java.lang.RuntimeException: '# A fatal error has been detected.*' missing from stdout/stderr,Full hs_err plus target-machine rerun needed; no unproven repair included.
runtime/ErrorHandling/TestAbortVmOnException.java,"Failed. Execution failed: `main' threw exception: java.lang.RuntimeException: 'fatal error: Saw MyAbortException, aborting' missing from stdout/stderr",assertion/expectation,"Execution failed: `main' threw exception: java.lang.RuntimeException: 'fatal error: Saw MyAbortException, aborting' missing from stdout/stderr",Rerun after shared fixes; inspect retained test output for architecture expectations or independent defects.
runtime/FieldLayout/BaseOffsets.java#no-coops-no-ccp,Failed. Unexpected exit from test [exit code: 1],assertion/expectation,Unexpected exit from test [exit code: 1],Rerun after shared fixes; inspect retained test output for architecture expectations or independent defects.
runtime/FieldLayout/BaseOffsets.java#no-coops-with-coh,Failed. Unexpected exit from test [exit code: 6],compact header crash,Unexpected exit from test [exit code: 6],v22 fixes compact class loads/allocation; rerun and collect remaining hs_err.
runtime/FieldLayout/BaseOffsets.java#with-coop--with-coh,Failed. Unexpected exit from test [exit code: 6],compact header crash,Unexpected exit from test [exit code: 6],v22 fixes compact class loads/allocation; rerun and collect remaining hs_err.
runtime/FieldLayout/BaseOffsets.java#with-coops-no-ccp,Failed. Unexpected exit from test [exit code: 1],assertion/expectation,Unexpected exit from test [exit code: 1],Rerun after shared fixes; inspect retained test output for architecture expectations or independent defects.
runtime/FieldLayout/FieldDensityTest.java#id1,Failed. Unexpected exit from test [exit code: 1],assertion/expectation,Unexpected exit from test [exit code: 1],Rerun after shared fixes; inspect retained test output for architecture expectations or independent defects.
runtime/FieldLayout/TestOopMapSizeMinimal.java#coops_no_ccptr_no_coh,Failed. Unexpected exit from test [exit code: 1],assertion/expectation,Unexpected exit from test [exit code: 1],Rerun after shared fixes; inspect retained test output for architecture expectations or independent defects.
runtime/FieldLayout/TestOopMapSizeMinimal.java#no_coops_ccptr_coh,Failed. Unexpected exit from test [exit code: 6],compact header crash,Unexpected exit from test [exit code: 6],v22 fixes compact class loads/allocation; rerun and collect remaining hs_err.
runtime/FieldLayout/TestOopMapSizeMinimal.java#no_coops_no_ccptr_no_coh,Failed. Unexpected exit from test [exit code: 1],assertion/expectation,Unexpected exit from test [exit code: 1],Rerun after shared fixes; inspect retained test output for architecture expectations or independent defects.
runtime/Metaspace/PrintMetaspaceDcmd.java#test-64bit-noccs,Failed. Unexpected exit from test [exit code: 1],assertion/expectation,Unexpected exit from test [exit code: 1],Rerun after shared fixes; inspect retained test output for architecture expectations or independent defects.
runtime/Metaspace/PrintMetaspaceDcmd.java#test-nospecified,Failed. Unexpected exit from test [exit code: 1],assertion/expectation,Unexpected exit from test [exit code: 1],Rerun after shared fixes; inspect retained test output for architecture expectations or independent defects.
runtime/Monitor/ConcurrentDeflation.java,Failed. Unexpected exit from test [exit code: 1],monitor mode,Unexpected exit from test [exit code: 1],v22 permits SPARC runtime monitor fallback; rerun required.
runtime/Monitor/StressWrapper_TestRecursiveLocking_36M.java#C1_alternate_AB,Failed. Unexpected exit from test [exit code: 1],monitor mode,Unexpected exit from test [exit code: 1],v22 permits SPARC runtime monitor fallback; rerun required.
runtime/Monitor/StressWrapper_TestRecursiveLocking_36M.java#C1_outer_inner,Failed. Unexpected exit from test [exit code: 1],monitor mode,Unexpected exit from test [exit code: 1],v22 permits SPARC runtime monitor fallback; rerun required.
runtime/Monitor/StressWrapper_TestRecursiveLocking_36M.java#C2_alternate_AB,Failed. Unexpected exit from test [exit code: 1],monitor mode,Unexpected exit from test [exit code: 1],v22 permits SPARC runtime monitor fallback; rerun required.
runtime/Monitor/StressWrapper_TestRecursiveLocking_36M.java#C2_outer_inner,Failed. Unexpected exit from test [exit code: 1],monitor mode,Unexpected exit from test [exit code: 1],v22 permits SPARC runtime monitor fallback; rerun required.
runtime/Monitor/StressWrapper_TestRecursiveLocking_36M.java#Xint_alternate_AB,Failed. Unexpected exit from test [exit code: 1],monitor mode,Unexpected exit from test [exit code: 1],v22 permits SPARC runtime monitor fallback; rerun required.
runtime/Monitor/StressWrapper_TestRecursiveLocking_36M.java#Xint_outer_inner,Failed. Unexpected exit from test [exit code: 1],monitor mode,Unexpected exit from test [exit code: 1],v22 permits SPARC runtime monitor fallback; rerun required.
runtime/Monitor/TestRecursiveLocking.java#C1_alternate_AB,Failed. Unexpected exit from test [exit code: 1],monitor mode,Unexpected exit from test [exit code: 1],v22 permits SPARC runtime monitor fallback; rerun required.
runtime/Monitor/TestRecursiveLocking.java#C1_outer_inner,Failed. Unexpected exit from test [exit code: 1],monitor mode,Unexpected exit from test [exit code: 1],v22 permits SPARC runtime monitor fallback; rerun required.
runtime/Monitor/TestRecursiveLocking.java#C2_alternate_AB,Failed. Unexpected exit from test [exit code: 1],monitor mode,Unexpected exit from test [exit code: 1],v22 permits SPARC runtime monitor fallback; rerun required.
runtime/Monitor/TestRecursiveLocking.java#C2_outer_inner,Failed. Unexpected exit from test [exit code: 1],monitor mode,Unexpected exit from test [exit code: 1],v22 permits SPARC runtime monitor fallback; rerun required.
runtime/Monitor/TestRecursiveLocking.java#Xint_alternate_AB,Failed. Unexpected exit from test [exit code: 1],monitor mode,Unexpected exit from test [exit code: 1],v22 permits SPARC runtime monitor fallback; rerun required.
runtime/Monitor/TestRecursiveLocking.java#Xint_outer_inner,Failed. Unexpected exit from test [exit code: 1],monitor mode,Unexpected exit from test [exit code: 1],v22 permits SPARC runtime monitor fallback; rerun required.
runtime/NMT/MallocSiteTypeChange.java,Failed. Execution failed: `main' threw exception: java.lang.RuntimeException: '(malloc=2KB type=Internal +2KB #1 +1)' missing from stdout/stderr,assertion/expectation,Execution failed: `main' threw exception: java.lang.RuntimeException: '(malloc=2KB type=Internal +2KB #1 +1)' missing from stdout/stderr,Rerun after shared fixes; inspect retained test output for architecture expectations or independent defects.
runtime/NMT/VirtualAllocCommitMerge.java,Failed. Execution failed: `main' threw exception: java.lang.RuntimeException: '\[0x[0]*ffffffff66000000 - 0x[0]*ffffffff66060000\] committed 384KB from.*' missing from stdout/stderr,assertion/expectation,Execution failed: `main' threw exception: java.lang.RuntimeException: '\[0x[0]*ffffffff66000000 - 0x[0]*ffffffff66060000\] committed 384KB from.*' missing from stdout/stderr,Rerun after shared fixes; inspect retained test output for architecture expectations or independent defects.
runtime/ReservedStack/ReservedStackTest.java,Failed. Execution failed: `main' threw exception: java.lang.Error: FAILED: ReentrantLock 476 looks corrupted,assertion/expectation,Execution failed: `main' threw exception: java.lang.Error: FAILED: ReentrantLock 476 looks corrupted,Rerun after shared fixes; inspect retained test output for architecture expectations or independent defects.
runtime/ReservedStack/ReservedStackTestCompiler.java,Failed. Execution failed: `main' threw exception: java.lang.StackOverflowError: Delayed StackOverflowError due to ReservedStackAccess annotated method,assertion/expectation,Execution failed: `main' threw exception: java.lang.StackOverflowError: Delayed StackOverflowError due to ReservedStackAccess annotated method,Rerun after shared fixes; inspect retained test output for architecture expectations or independent defects.
runtime/Thread/TestAlwaysPreTouchStacks.java,Failed. Execution failed: `main' threw exception: java.lang.RuntimeException: Expected a higher amount of committed with pretouch stacksPreTouch amount: 147849216NoPreTouch amount: 231735296,assertion/expectation,Execution failed: `main' threw exception: java.lang.RuntimeException: Expected a higher amount of committed with pretouch stacksPreTouch amount: 147849216NoPreTouch amount: 231735296,Rerun after shared fixes; inspect retained test output for architecture expectations or independent defects.
runtime/cds/appcds/TestWithProfiler.java,"Error. ""driver"" action timed out with a timeout of 480 seconds on agent 268",timeout,"""driver"" action timed out with a timeout of 480 seconds on agent 268",Rerun at reduced concurrency; inspect thread dump and retained logs if reproducible.
runtime/cds/appcds/methodHandles/MethodHandlesPermuteArgumentsTest.java#aot,Failed. Execution failed: `main' threw exception: java.lang.Exception: JUnit test failure,assertion/expectation,Execution failed: `main' threw exception: java.lang.Exception: JUnit test failure,Rerun after shared fixes; inspect retained test output for architecture expectations or independent defects.
runtime/cds/appcds/methodHandles/MethodHandlesPermuteArgumentsTest.java#dynamic,Failed. Execution failed: `main' threw exception: java.lang.Exception: JUnit test failure,assertion/expectation,Execution failed: `main' threw exception: java.lang.Exception: JUnit test failure,Rerun after shared fixes; inspect retained test output for architecture expectations or independent defects.
runtime/cds/appcds/methodHandles/MethodHandlesPermuteArgumentsTest.java#static,Failed. Execution failed: `main' threw exception: java.lang.Exception: JUnit test failure,assertion/expectation,Execution failed: `main' threw exception: java.lang.Exception: JUnit test failure,Rerun after shared fixes; inspect retained test output for architecture expectations or independent defects.
runtime/cds/appcds/redefineClass/RedefineRunningMethods_Shared.java,Failed. Execution failed: `main' threw exception: java.lang.RuntimeException: Hotspot crashed,assertion/expectation,Execution failed: `main' threw exception: java.lang.RuntimeException: Hotspot crashed,Rerun after shared fixes; inspect retained test output for architecture expectations or independent defects.
runtime/jni/getCreatedJavaVMs/TestGetCreatedJavaVMs.java,"Error. ""driver"" action timed out with a timeout of 480 seconds on agent 282",timeout,"""driver"" action timed out with a timeout of 480 seconds on agent 282",Rerun at reduced concurrency; inspect thread dump and retained logs if reproducible.
runtime/jni/nativeStack/TestNativeStack.java,"Failed. Execution failed: `main' threw exception: java.lang.RuntimeException: Expected to get exit value of [0], exit value is: [6]",VM crash,"Execution failed: `main' threw exception: java.lang.RuntimeException: Expected to get exit value of [0], exit value is: [6]",Full hs_err plus target-machine rerun needed; no unproven repair included.
runtime/logging/ClassLoadUnloadTest.java,"Failed. Execution failed: `main' threw exception: java.lang.RuntimeException: Expected to get exit value of [0], exit value is: [6]",VM crash,"Execution failed: `main' threw exception: java.lang.RuntimeException: Expected to get exit value of [0], exit value is: [6]",Full hs_err plus target-machine rerun needed; no unproven repair included.
runtime/vthread/JNIMonitor/JNIMonitor.java#missingUnlock,"Failed. Execution failed: `main' threw exception: java.lang.RuntimeException: Expected to get exit value of [0], exit value is: [6]",compact header crash,"Execution failed: `main' threw exception: java.lang.RuntimeException: Expected to get exit value of [0], exit value is: [6]",v22 fixes compact class loads/allocation; rerun and collect remaining hs_err.
runtime/vthread/JNIMonitor/JNIMonitor.java#missingUnlockWithThrow,"Failed. Execution failed: `main' threw exception: java.lang.RuntimeException: Expected to get exit value of [0], exit value is: [6]",compact header crash,"Execution failed: `main' threw exception: java.lang.RuntimeException: Expected to get exit value of [0], exit value is: [6]",v22 fixes compact class loads/allocation; rerun and collect remaining hs_err.
runtime/vthread/JNIMonitor/JNIMonitor.java#multiMissingUnlock,"Failed. Execution failed: `main' threw exception: java.lang.RuntimeException: Expected to get exit value of [0], exit value is: [6]",compact header crash,"Execution failed: `main' threw exception: java.lang.RuntimeException: Expected to get exit value of [0], exit value is: [6]",v22 fixes compact class loads/allocation; rerun and collect remaining hs_err.
runtime/vthread/JNIMonitor/JNIMonitor.java#multiMissingUnlockWithThrow,"Failed. Execution failed: `main' threw exception: java.lang.RuntimeException: Expected to get exit value of [0], exit value is: [6]",compact header crash,"Execution failed: `main' threw exception: java.lang.RuntimeException: Expected to get exit value of [0], exit value is: [6]",v22 fixes compact class loads/allocation; rerun and collect remaining hs_err.
runtime/vthread/JNIMonitor/JNIMonitor.java#multiNormal,"Failed. Execution failed: `main' threw exception: java.lang.RuntimeException: Expected to get exit value of [0], exit value is: [6]",compact header crash,"Execution failed: `main' threw exception: java.lang.RuntimeException: Expected to get exit value of [0], exit value is: [6]",v22 fixes compact class loads/allocation; rerun and collect remaining hs_err.
runtime/vthread/JNIMonitor/JNIMonitor.java#normal,"Failed. Execution failed: `main' threw exception: java.lang.RuntimeException: Expected to get exit value of [0], exit value is: [6]",compact header crash,"Execution failed: `main' threw exception: java.lang.RuntimeException: Expected to get exit value of [0], exit value is: [6]",v22 fixes compact class loads/allocation; rerun and collect remaining hs_err.
runtime/vthread/RedefineClass.java,Failed. Unexpected exit from test [exit code: 6],VM crash,Unexpected exit from test [exit code: 6],v23 repairs entry-window unwind and interpreted freeze boundaries; rerun and collect remaining hs_err. This test is not yet verified fixed.
runtime/vthread/TestObjectAllocationSampleEvent.java,Failed. Unexpected exit from test [exit code: 6],VM crash,Unexpected exit from test [exit code: 6],v23 repairs entry-window unwind and interpreted freeze boundaries; rerun and collect remaining hs_err. This test is not yet verified fixed.
runtime/whitebox/WBStackSize.java,Failed. Execution failed: `main' threw exception: java.lang.RuntimeException: getThreadStackSize value [1048576] should be within 90%..110% of ThreadStackSize value,assertion/expectation,Execution failed: `main' threw exception: java.lang.RuntimeException: getThreadStackSize value [1048576] should be within 90%..110% of ThreadStackSize value,Rerun after shared fixes; inspect retained test output for architecture expectations or independent defects.
serviceability/HeapDump/UnmountedVThreadNativeMethodAtTop.java,Error. '/export/home/solaris/git/jdk25/build/solaris-sparcv9-server-release/images/jdk/bin/java' timed out after 480000 ms (elapsed time including timeout handling 480967 ms),timeout,'/export/home/solaris/git/jdk25/build/solaris-sparcv9-server-release/images/jdk/bin/java' timed out after 480000 ms (elapsed time including timeout handling 480967 ms),Rerun at reduced concurrency; inspect thread dump and retained logs if reproducible.
serviceability/attach/AttachAPIv2/StreamingOutputTest.java,"Failed. Execution failed: `main' threw exception: java.lang.Exception: VM did not logged expected 'executing command setflag, streaming output: 1'",assertion/expectation,"Execution failed: `main' threw exception: java.lang.Exception: VM did not logged expected 'executing command setflag, streaming output: 1'",Rerun after shared fixes; inspect retained test output for architecture expectations or independent defects.
serviceability/dcmd/thread/VThreadCommandsTest.java,Failed. Unexpected exit from test [exit code: 6],VM crash,Unexpected exit from test [exit code: 6],v23 repairs entry-window unwind and interpreted freeze boundaries; rerun and collect remaining hs_err. This test is not yet verified fixed.
serviceability/dcmd/vm/ClassLoaderStatsTest.java#id1,Failed. Unexpected exit from test [exit code: 1],assertion/expectation,Unexpected exit from test [exit code: 1],Rerun after shared fixes; inspect retained test output for architecture expectations or independent defects.
serviceability/jvmti/DynamicCodeGenerated/DynamicCodeGeneratedTest.java,Failed. Unexpected exit from test [exit code: 6],VM crash,Unexpected exit from test [exit code: 6],Full hs_err plus target-machine rerun needed; no unproven repair included.
serviceability/jvmti/GetLocalVariable/GetSetLocalUnsuspended.java,Failed. Unexpected exit from test [exit code: 6],VM crash,Unexpected exit from test [exit code: 6],Full hs_err plus target-machine rerun needed; no unproven repair included.
serviceability/jvmti/GetOwnedMonitorInfo/GetOwnedMonitorInfoTest.java,Failed. Unexpected exit from test [exit code: 6],VM crash,Unexpected exit from test [exit code: 6],v23 repairs entry-window unwind and interpreted freeze boundaries; rerun and collect remaining hs_err. This test is not yet verified fixed.
serviceability/jvmti/ObjectMonitorUsage/ObjectMonitorUsage.java,Error. '/export/home/solaris/git/jdk25/build/solaris-sparcv9-server-release/images/jdk/bin/java' timed out after 480000 ms (elapsed time including timeout handling 484553 ms),timeout,'/export/home/solaris/git/jdk25/build/solaris-sparcv9-server-release/images/jdk/bin/java' timed out after 480000 ms (elapsed time including timeout handling 484553 ms),Rerun at reduced concurrency; inspect thread dump and retained logs if reproducible.
serviceability/jvmti/RedefineClasses/RedefineRunningMethods.java,Failed. Unexpected exit from test [exit code: 6],VM crash,Unexpected exit from test [exit code: 6],Full hs_err plus target-machine rerun needed; no unproven repair included.
serviceability/jvmti/RedefineClasses/RedefineRunningMethodsWithBacktrace.java,Failed. Unexpected exit from test [exit code: 6],VM crash,Unexpected exit from test [exit code: 6],Full hs_err plus target-machine rerun needed; no unproven repair included.
serviceability/jvmti/events/FramePop/framepop02/framepop02.java#id1,Failed. Unexpected exit from test [exit code: 6],VM crash,Unexpected exit from test [exit code: 6],Full hs_err plus target-machine rerun needed; no unproven repair included.
serviceability/jvmti/events/MonitorContendedEnter/mcontenter01/mcontenter01.java,Failed. Unexpected exit from test [exit code: 6],VM crash,Unexpected exit from test [exit code: 6],Full hs_err plus target-machine rerun needed; no unproven repair included.
serviceability/jvmti/events/MonitorContendedEntered/mcontentered01/mcontentered01.java,Failed. Unexpected exit from test [exit code: 6],VM crash,Unexpected exit from test [exit code: 6],Full hs_err plus target-machine rerun needed; no unproven repair included.
serviceability/jvmti/events/MonitorWait/monitorwait01/monitorwait01.java,Failed. Unexpected exit from test [exit code: 6],VM crash,Unexpected exit from test [exit code: 6],Full hs_err plus target-machine rerun needed; no unproven repair included.
serviceability/jvmti/events/MonitorWaited/monitorwaited01/monitorwaited01.java,Failed. Unexpected exit from test [exit code: 6],VM crash,Unexpected exit from test [exit code: 6],Full hs_err plus target-machine rerun needed; no unproven repair included.
serviceability/jvmti/events/NotifyFramePopStressTest/NotifyFramePopStressTest.java,Failed. Execution failed: `main' threw exception: java.lang.RuntimeException: Test FAILED: see log for details,assertion/expectation,Execution failed: `main' threw exception: java.lang.RuntimeException: Test FAILED: see log for details,Rerun after shared fixes; inspect retained test output for architecture expectations or independent defects.
serviceability/jvmti/stress/StackTrace/NotSuspended/GetStackTraceNotSuspendedStressTest.java,Failed. Unexpected exit from test [exit code: 6],VM crash,Unexpected exit from test [exit code: 6],Full hs_err plus target-machine rerun needed; no unproven repair included.
serviceability/jvmti/stress/StackTrace/Suspended/GetStackTraceSuspendedStressTest.java,Failed. Unexpected exit from test [exit code: 6],VM crash,Unexpected exit from test [exit code: 6],Full hs_err plus target-machine rerun needed; no unproven repair included.
serviceability/jvmti/stress/ThreadLocalStorage/SetGetThreadLocalStorageStressTest/SetGetThreadLocalStorageStressTest.java,Failed. Unexpected exit from test [exit code: 6],VM crash,Unexpected exit from test [exit code: 6],Full hs_err plus target-machine rerun needed; no unproven repair included.
serviceability/jvmti/thread/GetAllThreads/allthr01/allthr01.java,Failed. Unexpected exit from test [exit code: 6],VM crash,Unexpected exit from test [exit code: 6],Full hs_err plus target-machine rerun needed; no unproven repair included.
serviceability/jvmti/thread/GetCurrentContendedMonitor/contmon01/contmon01.java,Failed. Unexpected exit from test [exit code: 6],assertion/expectation,Unexpected exit from test [exit code: 6],Rerun after shared fixes; inspect retained test output for architecture expectations or independent defects.
serviceability/jvmti/thread/GetFrameCount/framecnt01/framecnt01.java,Failed. Unexpected exit from test [exit code: 6],VM crash,Unexpected exit from test [exit code: 6],Full hs_err plus target-machine rerun needed; no unproven repair included.
serviceability/jvmti/thread/GetThreadState/thrstat01/thrstat01.java,Failed. Execution failed: `main' threw exception: java.lang.RuntimeException: Failed,assertion/expectation,Execution failed: `main' threw exception: java.lang.RuntimeException: Failed,Rerun after shared fixes; inspect retained test output for architecture expectations or independent defects.
serviceability/jvmti/thread/GetThreadState/thrstat03/thrstat03.java,Failed. Unexpected exit from test [exit code: 6],VM crash,Unexpected exit from test [exit code: 6],Full hs_err plus target-machine rerun needed; no unproven repair included.
serviceability/jvmti/vthread/BreakpointInYieldTest/BreakpointInYieldTest.java,Failed. Unexpected exit from test [exit code: 6],VM crash,Unexpected exit from test [exit code: 6],v23 repairs entry-window unwind and interpreted freeze boundaries; rerun and collect remaining hs_err. This test is not yet verified fixed.
serviceability/jvmti/vthread/CheckHiddenFrames/CheckHiddenFrames.java,Failed. Unexpected exit from test [exit code: 6],VM crash,Unexpected exit from test [exit code: 6],v23 repairs entry-window unwind and interpreted freeze boundaries; rerun and collect remaining hs_err. This test is not yet verified fixed.
serviceability/jvmti/vthread/ContFramePopTest/ContFramePopTest.java,Failed. Unexpected exit from test [exit code: 6],VM crash,Unexpected exit from test [exit code: 6],v23 repairs entry-window unwind and interpreted freeze boundaries; rerun and collect remaining hs_err. This test is not yet verified fixed.
serviceability/jvmti/vthread/ContStackDepthTest/ContStackDepthTest.java,Failed. Unexpected exit from test [exit code: 6],VM crash,Unexpected exit from test [exit code: 6],v23 repairs entry-window unwind and interpreted freeze boundaries; rerun and collect remaining hs_err. This test is not yet verified fixed.
serviceability/jvmti/vthread/ContYieldBreakPointTest/ContYieldBreakPointTest.java,Failed. Unexpected exit from test [exit code: 6],VM crash,Unexpected exit from test [exit code: 6],v23 repairs entry-window unwind and interpreted freeze boundaries; rerun and collect remaining hs_err. This test is not yet verified fixed.
serviceability/jvmti/vthread/ContinuationTest/ContinuationTest.java,Failed. Unexpected exit from test [exit code: 6],VM crash,Unexpected exit from test [exit code: 6],v23 repairs entry-window unwind and interpreted freeze boundaries; rerun and collect remaining hs_err. This test is not yet verified fixed.
serviceability/jvmti/vthread/FollowReferences/VThreadStackRefTest.java#default,Failed. Unexpected exit from test [exit code: 6],VM crash,Unexpected exit from test [exit code: 6],v23 repairs entry-window unwind and interpreted freeze boundaries; rerun and collect remaining hs_err. This test is not yet verified fixed.
serviceability/jvmti/vthread/ForceEarlyReturnTest/ForceEarlyReturnTest.java#default,Failed. Unexpected exit from test [exit code: 6],VM crash,Unexpected exit from test [exit code: 6],v23 repairs entry-window unwind and interpreted freeze boundaries; rerun and collect remaining hs_err. This test is not yet verified fixed.
serviceability/jvmti/vthread/GetThreadState/GetThreadStateTest.java#default,Error. '/export/home/solaris/git/jdk25/build/solaris-sparcv9-server-release/images/jdk/bin/java' timed out after 480000 ms (elapsed time including timeout handling 481055 ms),timeout,'/export/home/solaris/git/jdk25/build/solaris-sparcv9-server-release/images/jdk/bin/java' timed out after 480000 ms (elapsed time including timeout handling 481055 ms),Rerun at reduced concurrency; inspect thread dump and retained logs if reproducible.
serviceability/jvmti/vthread/GetThreadState/GetThreadStateTest.java#no-vmcontinuations,Error. '/export/home/solaris/git/jdk25/build/solaris-sparcv9-server-release/images/jdk/bin/java' timed out after 480000 ms (elapsed time including timeout handling 481002 ms),timeout,'/export/home/solaris/git/jdk25/build/solaris-sparcv9-server-release/images/jdk/bin/java' timed out after 480000 ms (elapsed time including timeout handling 481002 ms),Rerun at reduced concurrency; inspect thread dump and retained logs if reproducible.
serviceability/jvmti/vthread/HeapDump/VThreadInHeapDump.java#default,Failed. Execution failed: `main' threw exception: java.io.IOException: LingeredApp terminated with non-zero exit code 6,VM crash,Execution failed: `main' threw exception: java.io.IOException: LingeredApp terminated with non-zero exit code 6,v23 repairs entry-window unwind and interpreted freeze boundaries; rerun and collect remaining hs_err. This test is not yet verified fixed.
serviceability/jvmti/vthread/InterruptThreadTest/InterruptThreadTest.java#default,Failed. Unexpected exit from test [exit code: 6],assertion/expectation,Unexpected exit from test [exit code: 6],Rerun after shared fixes; inspect retained test output for architecture expectations or independent defects.
serviceability/jvmti/vthread/MethodExitTest/MethodExitTest.java,Failed. Unexpected exit from test [exit code: 6],VM crash,Unexpected exit from test [exit code: 6],v23 repairs entry-window unwind and interpreted freeze boundaries; rerun and collect remaining hs_err. This test is not yet verified fixed.
serviceability/jvmti/vthread/PinnedTaskTest/PinnedTaskTest.java#default,Failed. Unexpected exit from test [exit code: 6],VM crash,Unexpected exit from test [exit code: 6],v23 repairs entry-window unwind and interpreted freeze boundaries; rerun and collect remaining hs_err. This test is not yet verified fixed.
serviceability/jvmti/vthread/PopFrameTest/PopFrameTest.java#default,Failed. Unexpected exit from test [exit code: 6],VM crash,Unexpected exit from test [exit code: 6],v23 repairs entry-window unwind and interpreted freeze boundaries; rerun and collect remaining hs_err. This test is not yet verified fixed.
serviceability/jvmti/vthread/RedefineClasses/RedefineRunningMethods.java,Failed. Unexpected exit from test [exit code: 6],VM crash,Unexpected exit from test [exit code: 6],v23 repairs entry-window unwind and interpreted freeze boundaries; rerun and collect remaining hs_err. This test is not yet verified fixed.
serviceability/jvmti/vthread/SelfSuspendDisablerTest/SelfSuspendDisablerTest.java#default,Failed. Unexpected exit from test [exit code: 6],VM crash,Unexpected exit from test [exit code: 6],v23 repairs entry-window unwind and interpreted freeze boundaries; rerun and collect remaining hs_err. This test is not yet verified fixed.
serviceability/jvmti/vthread/StopThreadTest/StopThreadTest.java#default,Failed. Unexpected exit from test [exit code: 6],VM crash,Unexpected exit from test [exit code: 6],v23 repairs entry-window unwind and interpreted freeze boundaries; rerun and collect remaining hs_err. This test is not yet verified fixed.
serviceability/jvmti/vthread/SuspendResume1/SuspendResume1.java#default,Failed. Unexpected exit from test [exit code: 6],VM crash,Unexpected exit from test [exit code: 6],v23 repairs entry-window unwind and interpreted freeze boundaries; rerun and collect remaining hs_err. This test is not yet verified fixed.
serviceability/jvmti/vthread/SuspendResume2/SuspendResume2.java#default,Failed. Unexpected exit from test [exit code: 6],VM crash,Unexpected exit from test [exit code: 6],v23 repairs entry-window unwind and interpreted freeze boundaries; rerun and collect remaining hs_err. This test is not yet verified fixed.
serviceability/jvmti/vthread/SuspendResumeAll/SuspendResumeAll.java#default,Failed. Unexpected exit from test [exit code: 6],VM crash,Unexpected exit from test [exit code: 6],v23 repairs entry-window unwind and interpreted freeze boundaries; rerun and collect remaining hs_err. This test is not yet verified fixed.
serviceability/jvmti/vthread/SuspendWithInterruptLock/SuspendWithInterruptLock.java#default,Failed. Unexpected exit from test [exit code: 6],VM crash,Unexpected exit from test [exit code: 6],v23 repairs entry-window unwind and interpreted freeze boundaries; rerun and collect remaining hs_err. This test is not yet verified fixed.
serviceability/jvmti/vthread/SuspendWithInterruptLock/SuspendWithInterruptLock.java#xint,Failed. Unexpected exit from test [exit code: 6],VM crash,Unexpected exit from test [exit code: 6],v23 repairs entry-window unwind and interpreted freeze boundaries; rerun and collect remaining hs_err. This test is not yet verified fixed.
serviceability/jvmti/vthread/ThreadListStackTracesTest/ThreadListStackTracesTest.java,Failed. Unexpected exit from test [exit code: 6],VM crash,Unexpected exit from test [exit code: 6],v23 repairs entry-window unwind and interpreted freeze boundaries; rerun and collect remaining hs_err. This test is not yet verified fixed.
serviceability/jvmti/vthread/ThreadStateTest/ThreadStateTest.java,Failed. Unexpected exit from test [exit code: 6],VM crash,Unexpected exit from test [exit code: 6],v23 repairs entry-window unwind and interpreted freeze boundaries; rerun and collect remaining hs_err. This test is not yet verified fixed.
serviceability/jvmti/vthread/ToggleNotifyJvmtiTest/ToggleNotifyJvmtiTest.java,Failed. Unexpected exit from test [exit code: 6],VM crash,Unexpected exit from test [exit code: 6],v23 repairs entry-window unwind and interpreted freeze boundaries; rerun and collect remaining hs_err. This test is not yet verified fixed.
serviceability/jvmti/vthread/VThreadEventTest/VThreadEventTest.java,Failed. Unexpected exit from test [exit code: 6],VM crash,Unexpected exit from test [exit code: 6],v23 repairs entry-window unwind and interpreted freeze boundaries; rerun and collect remaining hs_err. This test is not yet verified fixed.
serviceability/jvmti/vthread/VThreadMonitorTest/VThreadMonitorTest.java,Failed. Unexpected exit from test [exit code: 6],VM crash,Unexpected exit from test [exit code: 6],v23 repairs entry-window unwind and interpreted freeze boundaries; rerun and collect remaining hs_err. This test is not yet verified fixed.
serviceability/jvmti/vthread/VThreadNotifyFramePopTest/VThreadNotifyFramePopTest.java#default,Failed. Unexpected exit from test [exit code: 6],VM crash,Unexpected exit from test [exit code: 6],v23 repairs entry-window unwind and interpreted freeze boundaries; rerun and collect remaining hs_err. This test is not yet verified fixed.
serviceability/jvmti/vthread/VThreadTLSTest/VThreadTLSTest.java#id0,Failed. Unexpected exit from test [exit code: 6],VM crash,Unexpected exit from test [exit code: 6],v23 repairs entry-window unwind and interpreted freeze boundaries; rerun and collect remaining hs_err. This test is not yet verified fixed.
serviceability/jvmti/vthread/VThreadTLSTest/VThreadTLSTest.java#id1,Failed. Unexpected exit from test [exit code: 6],VM crash,Unexpected exit from test [exit code: 6],v23 repairs entry-window unwind and interpreted freeze boundaries; rerun and collect remaining hs_err. This test is not yet verified fixed.
serviceability/jvmti/vthread/VThreadTest/VThreadTest.java,Failed. Unexpected exit from test [exit code: 6],VM crash,Unexpected exit from test [exit code: 6],v23 repairs entry-window unwind and interpreted freeze boundaries; rerun and collect remaining hs_err. This test is not yet verified fixed.
sources/TestNoNULL.java,Failed. Execution failed: `main' threw exception: java.lang.RuntimeException: Test found 294 usages of 'NULL' in source files. See errors above.,source convention,Execution failed: `main' threw exception: java.lang.RuntimeException: Test found 294 usages of 'NULL' in source files. See errors above.,v22 replaces reported legacy null tokens; rerun required.
